{
  "roc_auc": 0.966004902389731,
  "classification_report": {
    "0": {
      "precision": 0.6497629354772212,
      "recall": 0.9737411183194316,
      "f1-score": 0.7794263105835806,
      "support": 9711.0
    },
    "1": {
      "precision": 0.9680891002377675,
      "recall": 0.6028208524896751,
      "f1-score": 0.7429888590088359,
      "support": 12833.0
    },
    "accuracy": 0.7625975869410929,
    "macro avg": {
      "precision": 0.8089260178574944,
      "recall": 0.7882809854045534,
      "f1-score": 0.7612075847962083,
      "support": 22544.0
    },
    "weighted avg": {
      "precision": 0.8309676760898939,
      "recall": 0.7625975869410929,
      "f1-score": 0.7586845692750862,
      "support": 22544.0
    }
  },
  "confusion_matrix": [
    [
      9456,
      255
    ],
    [
      5097,
      7736
    ]
  ]
}