{
  "classes": [
    "normal",
    "dos",
    "probe",
    "r2l",
    "u2r"
  ],
  "classification_report": {
    "normal": {
      "precision": 0.6433142701525054,
      "recall": 0.9730202862732983,
      "f1-score": 0.774539940161482,
      "support": 9711.0
    },
    "dos": {
      "precision": 0.9609191546460919,
      "recall": 0.7679624664879356,
      "f1-score": 0.8536730740575175,
      "support": 7460.0
    },
    "probe": {
      "precision": 0.8502331002331003,
      "recall": 0.6026435357290376,
      "f1-score": 0.7053420352912738,
      "support": 2421.0
    },
    "r2l": {
      "precision": 0.9575757575757575,
      "recall": 0.05476603119584055,
      "f1-score": 0.10360655737704919,
      "support": 2885.0
    },
    "u2r": {
      "precision": 0.5384615384615384,
      "recall": 0.1044776119402985,
      "f1-score": 0.175,
      "support": 67.0
    },
    "accuracy": 0.7452980837473385,
    "macro avg": {
      "precision": 0.7901007642137987,
      "recall": 0.5005739863252822,
      "f1-score": 0.5224323213774644,
      "support": 22544.0
    },
    "weighted avg": {
      "precision": 0.8105384621388461,
      "recall": 0.7452980837473385,
      "f1-score": 0.7056521237069816,
      "support": 22544.0
    }
  },
  "confusion_matrix": [
    [
      9449,
      67,
      190,
      3,
      2
    ],
    [
      1674,
      5729,
      57,
      0,
      0
    ],
    [
      796,
      166,
      1459,
      0,
      0
    ],
    [
      2713,
      0,
      10,
      158,
      4
    ],
    [
      56,
      0,
      0,
      4,
      7
    ]
  ]
}